{
  "id": "round1_c_l2_10",
  "change": {
    "reg_lambda": 10.0
  },
  "mechanism": "shrink unstable boosted-tree leaf weights",
  "surface": "XGBoost L2 regularization",
  "expected_effect": "reduce variance while preserving ranking signal",
  "regression_risk": "overshrink the already weak response signal",
  "params": {
    "selector_k": 200,
    "max_depth": 3,
    "reg_lambda": 10.0
  },
  "baseline": {
    "held_in_roc_auc": 0.5510835913312694,
    "held_out_roc_auc": 0.64
  },
  "result": {
    "held_in": {
      "accuracy": 0.6388888888888888,
      "accuracy_ci_low": 0.5,
      "accuracy_ci_high": 0.7777777777777778,
      "balanced_accuracy": 0.6393188854489165,
      "balanced_accuracy_ci_low": 0.4864935587761676,
      "balanced_accuracy_ci_high": 0.7916801948051949,
      "precision_macro": 0.6388888888888888,
      "precision_macro_ci_low": 0.48698936512404006,
      "precision_macro_ci_high": 0.792218650914303,
      "recall_macro": 0.6393188854489165,
      "recall_macro_ci_low": 0.4864935587761676,
      "recall_macro_ci_high": 0.7916801948051949,
      "f1_macro": 0.6386100386100386,
      "f1_macro_ci_low": 0.47181467181467185,
      "f1_macro_ci_high": 0.7777777777777778,
      "mcc": 0.2782074420373286,
      "mcc_ci_low": -0.02601956996320765,
      "mcc_ci_high": 0.5728538951471692,
      "roc_auc": 0.6068111455108359,
      "roc_auc_ci_low": 0.4165895061728395,
      "roc_auc_ci_high": 0.8055753968253968,
      "pr_auc": 0.5960674994775123,
      "pr_auc_ci_low": 0.424636236441577,
      "pr_auc_ci_high": 0.8362296619511355,
      "brier_score": 0.24744395351535223,
      "brier_score_ci_low": 0.19877229595241036,
      "brier_score_ci_high": 0.29714349707898874,
      "log_loss": 0.6948407285150041,
      "log_loss_ci_low": 0.5886156163324607,
      "log_loss_ci_high": 0.8060998244098121
    },
    "held_out": {
      "accuracy": 0.6,
      "accuracy_ci_low": 0.3,
      "accuracy_ci_high": 0.9,
      "balanced_accuracy": 0.6000000000000001,
      "balanced_accuracy_ci_low": 0.3,
      "balanced_accuracy_ci_high": 0.9166666666666667,
      "precision_macro": 0.6190476190476191,
      "precision_macro_ci_low": 0.22202380952380968,
      "precision_macro_ci_high": 0.9285714285714286,
      "recall_macro": 0.6000000000000001,
      "recall_macro_ci_low": 0.3,
      "recall_macro_ci_high": 0.9166666666666667,
      "f1_macro": 0.5833333333333333,
      "f1_macro_ci_low": 0.28434065934066055,
      "f1_macro_ci_high": 0.8903318903318901,
      "mcc": 0.2182178902359924,
      "mcc_ci_low": -0.4082482904638631,
      "mcc_ci_high": 0.8021515471170342,
      "roc_auc": 0.56,
      "roc_auc_ci_low": 0.10952380952380994,
      "roc_auc_ci_high": 1.0,
      "pr_auc": 0.5726190476190476,
      "pr_auc_ci_low": 0.2756448412698414,
      "pr_auc_ci_high": 1.0,
      "brier_score": 0.24385830942215173,
      "brier_score_ci_low": 0.13254812949843556,
      "brier_score_ci_high": 0.3663271580335322,
      "log_loss": 0.6884653591952216,
      "log_loss_ci_low": 0.43718468792471027,
      "log_loss_ci_high": 0.9789203624727145
    },
    "delta_in": 0.05572755417956654,
    "delta_ho": -0.07999999999999996
  },
  "decision": "reject",
  "decision_rule": "delta_in >= 0 and delta_ho >= 0 and max(delta) > 0",
  "clinical_status": "research-only; not validated for patient-level use"
}
