{
  "id": "round1_b_depth_2",
  "change": {
    "max_depth": 2
  },
  "mechanism": "reduce boosted-tree interaction variance",
  "surface": "XGBoost tree depth",
  "expected_effect": "reduce overfit interactions in the 36-person held-in set",
  "regression_risk": "underfit a real nonlinear interaction",
  "params": {
    "selector_k": 200,
    "max_depth": 2,
    "reg_lambda": 2.0
  },
  "baseline": {
    "held_in_roc_auc": 0.5510835913312694,
    "held_out_roc_auc": 0.64
  },
  "result": {
    "held_in": {
      "accuracy": 0.5555555555555556,
      "accuracy_ci_low": 0.3888888888888889,
      "accuracy_ci_high": 0.6944444444444444,
      "balanced_accuracy": 0.5541795665634675,
      "balanced_accuracy_ci_low": 0.3928434065934066,
      "balanced_accuracy_ci_high": 0.7063020833333333,
      "precision_macro": 0.5541795665634675,
      "precision_macro_ci_low": 0.39518686421937205,
      "precision_macro_ci_high": 0.7000167224080267,
      "recall_macro": 0.5541795665634675,
      "recall_macro_ci_low": 0.3928434065934066,
      "recall_macro_ci_high": 0.7063020833333333,
      "f1_macro": 0.5541795665634675,
      "f1_macro_ci_low": 0.3888888888888889,
      "f1_macro_ci_high": 0.6923552123552122,
      "mcc": 0.10835913312693499,
      "mcc_ci_low": -0.20702891867726964,
      "mcc_ci_high": 0.39824956446381776,
      "roc_auc": 0.588235294117647,
      "roc_auc_ci_low": 0.40311181006493507,
      "roc_auc_ci_high": 0.7954598226850549,
      "pr_auc": 0.5874453138494395,
      "pr_auc_ci_low": 0.41076733306073354,
      "pr_auc_ci_high": 0.8353810064866066,
      "brier_score": 0.25174427844728453,
      "brier_score_ci_low": 0.19944787633331873,
      "brier_score_ci_high": 0.3056711067165661,
      "log_loss": 0.7033295710881803,
      "log_loss_ci_low": 0.5873987536483868,
      "log_loss_ci_high": 0.8259050278502671
    },
    "held_out": {
      "accuracy": 0.5,
      "accuracy_ci_low": 0.2,
      "accuracy_ci_high": 0.8,
      "balanced_accuracy": 0.5,
      "balanced_accuracy_ci_low": 0.16666666666666666,
      "balanced_accuracy_ci_high": 0.8571428571428572,
      "precision_macro": 0.5,
      "precision_macro_ci_low": 0.16666666666666666,
      "precision_macro_ci_high": 0.8571428571428572,
      "recall_macro": 0.5,
      "recall_macro_ci_low": 0.16666666666666666,
      "recall_macro_ci_high": 0.8571428571428572,
      "f1_macro": 0.4949494949494949,
      "f1_macro_ci_low": 0.16666666666666666,
      "f1_macro_ci_high": 0.8,
      "mcc": 0.0,
      "mcc_ci_low": -0.6546536707079772,
      "mcc_ci_high": 0.6546536707079772,
      "roc_auc": 0.56,
      "roc_auc_ci_low": 0.10952380952380994,
      "roc_auc_ci_high": 1.0,
      "pr_auc": 0.5726190476190476,
      "pr_auc_ci_low": 0.2698412698412699,
      "pr_auc_ci_high": 1.0,
      "brier_score": 0.2500293314383636,
      "brier_score_ci_low": 0.13160229762933565,
      "brier_score_ci_high": 0.3839496923399396,
      "log_loss": 0.7082223402803456,
      "log_loss_ci_low": 0.4292170913105261,
      "log_loss_ci_high": 1.0349781175181134
    },
    "delta_in": 0.03715170278637758,
    "delta_ho": -0.07999999999999996
  },
  "decision": "reject",
  "decision_rule": "delta_in >= 0 and delta_ho >= 0 and max(delta) > 0",
  "clinical_status": "research-only; not validated for patient-level use"
}
