{
  "id": "round3_a_logistic_selector_20",
  "change": {
    "selector_k": 20
  },
  "mechanism": "reduce high-dimensional coefficient and selection variance",
  "surface": "train-fold feature count",
  "expected_effect": "retain a smaller, more stable baseline transcript set",
  "regression_risk": "discard a diffuse cell-composition signal",
  "params": {
    "selector_k": 20,
    "regularization_c": 1.0
  },
  "baseline": {
    "held_in_roc_auc": 0.7083333333333333,
    "held_out_roc_auc": 0.6616161616161615
  },
  "result": {
    "held_in": {
      "accuracy": 0.6470588235294118,
      "accuracy_ci_low": 0.47058823529411764,
      "accuracy_ci_high": 0.8235294117647058,
      "balanced_accuracy": 0.6458333333333333,
      "balanced_accuracy_ci_low": 0.47058823529411764,
      "balanced_accuracy_ci_high": 0.8131868131868132,
      "precision_macro": 0.6458333333333333,
      "precision_macro_ci_low": 0.47058823529411764,
      "precision_macro_ci_high": 0.8181943056943056,
      "recall_macro": 0.6458333333333333,
      "recall_macro_ci_low": 0.47058823529411764,
      "recall_macro_ci_high": 0.8131868131868132,
      "f1_macro": 0.6458333333333333,
      "f1_macro_ci_low": 0.46875,
      "f1_macro_ci_high": 0.8131868131868132,
      "mcc": 0.2916666666666667,
      "mcc_ci_low": -0.05883381337086831,
      "mcc_ci_high": 0.626529951409579,
      "roc_auc": 0.6458333333333333,
      "roc_auc_ci_low": 0.4420347744360903,
      "roc_auc_ci_high": 0.8428968253968253,
      "pr_auc": 0.725999216613652,
      "pr_auc_ci_low": 0.5183359763874471,
      "pr_auc_ci_high": 0.9007568815805357,
      "brier_score": 0.3053217843512033,
      "brier_score_ci_low": 0.1713771249437041,
      "brier_score_ci_high": 0.439757691179304,
      "log_loss": 1.0633297700920976,
      "log_loss_ci_low": 0.6028682946449855,
      "log_loss_ci_high": 1.5480134325012571
    },
    "held_out": {
      "accuracy": 0.6206896551724138,
      "accuracy_ci_low": 0.4482758620689655,
      "accuracy_ci_high": 0.7931034482758621,
      "balanced_accuracy": 0.6590909090909092,
      "balanced_accuracy_ci_low": 0.48418859649122803,
      "balanced_accuracy_ci_high": 0.8158552631578947,
      "precision_macro": 0.6590909090909092,
      "precision_macro_ci_low": 0.4848106060606061,
      "precision_macro_ci_high": 0.8181818181818181,
      "recall_macro": 0.6590909090909092,
      "recall_macro_ci_low": 0.48418859649122803,
      "recall_macro_ci_high": 0.8158552631578947,
      "f1_macro": 0.6206896551724138,
      "f1_macro_ci_low": 0.43137254901960786,
      "f1_macro_ci_high": 0.7928571428571429,
      "mcc": 0.3181818181818182,
      "mcc_ci_low": -0.030994384296708397,
      "mcc_ci_high": 0.6130102982671872,
      "roc_auc": 0.6363636363636364,
      "roc_auc_ci_low": 0.4134027777777778,
      "roc_auc_ci_high": 0.8484848484848484,
      "pr_auc": 0.746286635175524,
      "pr_auc_ci_low": 0.5326542842656902,
      "pr_auc_ci_high": 0.9386390358612582,
      "brier_score": 0.31962708695129843,
      "brier_score_ci_low": 0.17472023200002818,
      "brier_score_ci_high": 0.4692697191213207,
      "log_loss": 1.6332837922148313,
      "log_loss_ci_low": 0.7557310111571097,
      "log_loss_ci_high": 2.597822246904196
    },
    "delta_in": -0.0625,
    "delta_ho": -0.025252525252525193
  },
  "decision": "reject",
  "decision_rule": "delta_in >= 0 and delta_ho >= 0 and max(delta) > 0",
  "clinical_status": "research-only; not validated for patient-level use"
}
