{
  "id": "round3_c_logistic_c_0_1",
  "change": {
    "regularization_c": 0.1
  },
  "mechanism": "shrink unstable logistic coefficients",
  "surface": "logistic L2 regularization strength",
  "expected_effect": "improve ranking stability and external calibration",
  "regression_risk": "overshrink the already weak response signal",
  "params": {
    "selector_k": 50,
    "regularization_c": 0.1
  },
  "baseline": {
    "held_in_roc_auc": 0.7083333333333333,
    "held_out_roc_auc": 0.6616161616161615
  },
  "result": {
    "held_in": {
      "accuracy": 0.6764705882352942,
      "accuracy_ci_low": 0.5,
      "accuracy_ci_high": 0.8235294117647058,
      "balanced_accuracy": 0.6770833333333333,
      "balanced_accuracy_ci_low": 0.5069444444444444,
      "balanced_accuracy_ci_high": 0.8280701754385965,
      "precision_macro": 0.6764705882352942,
      "precision_macro_ci_low": 0.5073260073260073,
      "precision_macro_ci_high": 0.8285714285714285,
      "recall_macro": 0.6770833333333333,
      "recall_macro_ci_low": 0.5069444444444444,
      "recall_macro_ci_high": 0.8280701754385965,
      "f1_macro": 0.6761904761904762,
      "f1_macro_ci_low": 0.49947984012500146,
      "f1_macro_ci_high": 0.8229319852941177,
      "mcc": 0.3535533905932738,
      "mcc_ci_low": 0.014265349750363764,
      "mcc_ci_high": 0.6527777777777778,
      "roc_auc": 0.6979166666666666,
      "roc_auc_ci_low": 0.49580774221453283,
      "roc_auc_ci_high": 0.8750973183391002,
      "pr_auc": 0.7329016076468347,
      "pr_auc_ci_low": 0.5151460162023189,
      "pr_auc_ci_high": 0.9205147705015021,
      "brier_score": 0.24155140916043477,
      "brier_score_ci_low": 0.14478187285919628,
      "brier_score_ci_high": 0.339113013249226,
      "log_loss": 0.7485962153144259,
      "log_loss_ci_low": 0.4659094518363665,
      "log_loss_ci_high": 1.057038528188293
    },
    "held_out": {
      "accuracy": 0.4827586206896552,
      "accuracy_ci_low": 0.3103448275862069,
      "accuracy_ci_high": 0.6551724137931034,
      "balanced_accuracy": 0.5656565656565656,
      "balanced_accuracy_ci_low": 0.4294823232323232,
      "balanced_accuracy_ci_high": 0.6875744047619047,
      "precision_macro": 0.6083333333333334,
      "precision_macro_ci_low": 0.3666250000000001,
      "precision_macro_ci_high": 0.7885416666666666,
      "recall_macro": 0.5656565656565656,
      "recall_macro_ci_low": 0.4294823232323232,
      "recall_macro_ci_high": 0.6875744047619047,
      "f1_macro": 0.45962732919254656,
      "f1_macro_ci_low": 0.2676767676767677,
      "f1_macro_ci_high": 0.6446869790426292,
      "mcc": 0.16867477123499666,
      "mcc_ci_low": -0.1879753004933977,
      "mcc_ci_high": 0.4410285919725005,
      "roc_auc": 0.6363636363636365,
      "roc_auc_ci_low": 0.411733746130031,
      "roc_auc_ci_high": 0.841346153846154,
      "pr_auc": 0.7626991410037387,
      "pr_auc_ci_low": 0.5506640772315002,
      "pr_auc_ci_high": 0.9360822008451318,
      "brier_score": 0.371446236910376,
      "brier_score_ci_low": 0.23529373103290688,
      "brier_score_ci_high": 0.5070709319374898,
      "log_loss": 1.4621102405390298,
      "log_loss_ci_low": 0.8369131713194411,
      "log_loss_ci_high": 2.169531920619567
    },
    "delta_in": -0.01041666666666663,
    "delta_ho": -0.025252525252525082
  },
  "decision": "reject",
  "decision_rule": "delta_in >= 0 and delta_ho >= 0 and max(delta) > 0",
  "clinical_status": "research-only; not validated for patient-level use"
}
