{
  "id": "round1_a_selector_40",
  "change": {
    "selector_k": 40
  },
  "mechanism": "reduce high-dimensional expression noise",
  "surface": "train-fold feature count",
  "expected_effect": "improve cross-fold stability by retaining fewer probes",
  "regression_risk": "discard weak complementary signal",
  "params": {
    "selector_k": 40,
    "max_depth": 3,
    "reg_lambda": 2.0
  },
  "baseline": {
    "held_in_roc_auc": 0.5510835913312694,
    "held_out_roc_auc": 0.64
  },
  "result": {
    "held_in": {
      "accuracy": 0.5555555555555556,
      "accuracy_ci_low": 0.3888888888888889,
      "accuracy_ci_high": 0.7222222222222222,
      "balanced_accuracy": 0.5510835913312693,
      "balanced_accuracy_ci_low": 0.3838813276506775,
      "balanced_accuracy_ci_high": 0.7157827433032709,
      "precision_macro": 0.5523809523809524,
      "precision_macro_ci_low": 0.38083492594362167,
      "precision_macro_ci_high": 0.7222222222222223,
      "recall_macro": 0.5510835913312693,
      "recall_macro_ci_low": 0.3838813276506775,
      "recall_macro_ci_high": 0.7157827433032709,
      "f1_macro": 0.55,
      "f1_macro_ci_low": 0.37770833333333337,
      "f1_macro_ci_high": 0.7142857142857142,
      "mcc": 0.1034564094673936,
      "mcc_ci_low": -0.23574720388562787,
      "mcc_ci_high": 0.4420410222697726,
      "roc_auc": 0.5201238390092879,
      "roc_auc_ci_low": 0.334451048951049,
      "roc_auc_ci_high": 0.7182783475232197,
      "pr_auc": 0.5609536184248267,
      "pr_auc_ci_low": 0.3758424470409765,
      "pr_auc_ci_high": 0.7933181584060484,
      "brier_score": 0.271163131191351,
      "brier_score_ci_low": 0.21749107274835872,
      "brier_score_ci_high": 0.3257150739020504,
      "log_loss": 0.7456822944536428,
      "log_loss_ci_low": 0.6250539605274071,
      "log_loss_ci_high": 0.8663323487316721
    },
    "held_out": {
      "accuracy": 0.8,
      "accuracy_ci_low": 0.5,
      "accuracy_ci_high": 1.0,
      "balanced_accuracy": 0.8,
      "balanced_accuracy_ci_low": 0.5,
      "balanced_accuracy_ci_high": 1.0,
      "precision_macro": 0.8,
      "precision_macro_ci_low": 0.5,
      "precision_macro_ci_high": 1.0,
      "recall_macro": 0.8,
      "recall_macro_ci_low": 0.5,
      "recall_macro_ci_high": 1.0,
      "f1_macro": 0.8,
      "f1_macro_ci_low": 0.45054945054945056,
      "f1_macro_ci_high": 1.0,
      "mcc": 0.6,
      "mcc_ci_low": 0.0,
      "mcc_ci_high": 1.0,
      "roc_auc": 0.72,
      "roc_auc_ci_low": 0.28571428571428575,
      "roc_auc_ci_high": 1.0,
      "pr_auc": 0.6683333333333333,
      "pr_auc_ci_low": 0.33319444444444457,
      "pr_auc_ci_high": 1.0,
      "brier_score": 0.19894361073494893,
      "brier_score_ci_low": 0.09384792722821314,
      "brier_score_ci_high": 0.3180441985020494,
      "log_loss": 0.5874946452337781,
      "log_loss_ci_low": 0.3498923416877944,
      "log_loss_ci_high": 0.8549245734509389
    },
    "delta_in": -0.03095975232198145,
    "delta_ho": 0.07999999999999996
  },
  "decision": "reject",
  "decision_rule": "delta_in >= 0 and delta_ho >= 0 and max(delta) > 0",
  "clinical_status": "research-only; not validated for patient-level use"
}
