{
  "baseline": {
    "held_in_roc_auc": 0.7083333333333333,
    "held_out_roc_auc": 0.6616161616161615
  },
  "candidates": [
    {
      "id": "round3_a_logistic_selector_20",
      "change": {
        "selector_k": 20
      },
      "mechanism": "reduce high-dimensional coefficient and selection variance",
      "surface": "train-fold feature count",
      "expected_effect": "retain a smaller, more stable baseline transcript set",
      "regression_risk": "discard a diffuse cell-composition signal",
      "params": {
        "selector_k": 20,
        "regularization_c": 1.0
      },
      "baseline": {
        "held_in_roc_auc": 0.7083333333333333,
        "held_out_roc_auc": 0.6616161616161615
      },
      "result": {
        "held_in": {
          "accuracy": 0.6470588235294118,
          "accuracy_ci_low": 0.47058823529411764,
          "accuracy_ci_high": 0.8235294117647058,
          "balanced_accuracy": 0.6458333333333333,
          "balanced_accuracy_ci_low": 0.47058823529411764,
          "balanced_accuracy_ci_high": 0.8131868131868132,
          "precision_macro": 0.6458333333333333,
          "precision_macro_ci_low": 0.47058823529411764,
          "precision_macro_ci_high": 0.8181943056943056,
          "recall_macro": 0.6458333333333333,
          "recall_macro_ci_low": 0.47058823529411764,
          "recall_macro_ci_high": 0.8131868131868132,
          "f1_macro": 0.6458333333333333,
          "f1_macro_ci_low": 0.46875,
          "f1_macro_ci_high": 0.8131868131868132,
          "mcc": 0.2916666666666667,
          "mcc_ci_low": -0.05883381337086831,
          "mcc_ci_high": 0.626529951409579,
          "roc_auc": 0.6458333333333333,
          "roc_auc_ci_low": 0.4420347744360903,
          "roc_auc_ci_high": 0.8428968253968253,
          "pr_auc": 0.725999216613652,
          "pr_auc_ci_low": 0.5183359763874471,
          "pr_auc_ci_high": 0.9007568815805357,
          "brier_score": 0.3053217843512033,
          "brier_score_ci_low": 0.1713771249437041,
          "brier_score_ci_high": 0.439757691179304,
          "log_loss": 1.0633297700920976,
          "log_loss_ci_low": 0.6028682946449855,
          "log_loss_ci_high": 1.5480134325012571
        },
        "held_out": {
          "accuracy": 0.6206896551724138,
          "accuracy_ci_low": 0.4482758620689655,
          "accuracy_ci_high": 0.7931034482758621,
          "balanced_accuracy": 0.6590909090909092,
          "balanced_accuracy_ci_low": 0.48418859649122803,
          "balanced_accuracy_ci_high": 0.8158552631578947,
          "precision_macro": 0.6590909090909092,
          "precision_macro_ci_low": 0.4848106060606061,
          "precision_macro_ci_high": 0.8181818181818181,
          "recall_macro": 0.6590909090909092,
          "recall_macro_ci_low": 0.48418859649122803,
          "recall_macro_ci_high": 0.8158552631578947,
          "f1_macro": 0.6206896551724138,
          "f1_macro_ci_low": 0.43137254901960786,
          "f1_macro_ci_high": 0.7928571428571429,
          "mcc": 0.3181818181818182,
          "mcc_ci_low": -0.030994384296708397,
          "mcc_ci_high": 0.6130102982671872,
          "roc_auc": 0.6363636363636364,
          "roc_auc_ci_low": 0.4134027777777778,
          "roc_auc_ci_high": 0.8484848484848484,
          "pr_auc": 0.746286635175524,
          "pr_auc_ci_low": 0.5326542842656902,
          "pr_auc_ci_high": 0.9386390358612582,
          "brier_score": 0.31962708695129843,
          "brier_score_ci_low": 0.17472023200002818,
          "brier_score_ci_high": 0.4692697191213207,
          "log_loss": 1.6332837922148313,
          "log_loss_ci_low": 0.7557310111571097,
          "log_loss_ci_high": 2.597822246904196
        },
        "delta_in": -0.0625,
        "delta_ho": -0.025252525252525193
      },
      "decision": "reject",
      "decision_rule": "delta_in >= 0 and delta_ho >= 0 and max(delta) > 0",
      "clinical_status": "research-only; not validated for patient-level use"
    },
    {
      "id": "round3_b_logistic_selector_100",
      "change": {
        "selector_k": 100
      },
      "mechanism": "capture a more distributed whole-blood response signature",
      "surface": "train-fold feature count",
      "expected_effect": "retain complementary weak expression effects",
      "regression_risk": "increase coefficient variance in the 34-person cohort",
      "params": {
        "selector_k": 100,
        "regularization_c": 1.0
      },
      "baseline": {
        "held_in_roc_auc": 0.7083333333333333,
        "held_out_roc_auc": 0.6616161616161615
      },
      "result": {
        "held_in": {
          "accuracy": 0.6470588235294118,
          "accuracy_ci_low": 0.47058823529411764,
          "accuracy_ci_high": 0.7948529411764699,
          "balanced_accuracy": 0.6458333333333333,
          "balanced_accuracy_ci_low": 0.46875,
          "balanced_accuracy_ci_high": 0.8166964285714285,
          "precision_macro": 0.6458333333333333,
          "precision_macro_ci_low": 0.46875,
          "precision_macro_ci_high": 0.8042794486215536,
          "recall_macro": 0.6458333333333333,
          "recall_macro_ci_low": 0.46875,
          "recall_macro_ci_high": 0.8166964285714285,
          "f1_macro": 0.6458333333333333,
          "f1_macro_ci_low": 0.4631578947368421,
          "f1_macro_ci_high": 0.7940513833992094,
          "mcc": 0.2916666666666667,
          "mcc_ci_low": -0.0625,
          "mcc_ci_high": 0.6208448119825963,
          "roc_auc": 0.7048611111111112,
          "roc_auc_ci_low": 0.5035689484126984,
          "roc_auc_ci_high": 0.8784747023809524,
          "pr_auc": 0.7508693388542986,
          "pr_auc_ci_low": 0.5348344984197445,
          "pr_auc_ci_high": 0.9347067107063508,
          "brier_score": 0.2544723400379673,
          "brier_score_ci_low": 0.14358042346442107,
          "brier_score_ci_high": 0.37333466307876373,
          "log_loss": 1.065705407387517,
          "log_loss_ci_low": 0.5149960512806327,
          "log_loss_ci_high": 1.705772665476103
        },
        "held_out": {
          "accuracy": 0.4827586206896552,
          "accuracy_ci_low": 0.3103448275862069,
          "accuracy_ci_high": 0.6560344827586199,
          "balanced_accuracy": 0.547979797979798,
          "balanced_accuracy_ci_low": 0.38319444444444456,
          "balanced_accuracy_ci_high": 0.6944746376811594,
          "precision_macro": 0.5616883116883117,
          "precision_macro_ci_low": 0.329135551948052,
          "precision_macro_ci_high": 0.76,
          "recall_macro": 0.547979797979798,
          "recall_macro_ci_low": 0.38319444444444456,
          "recall_macro_ci_high": 0.6944746376811594,
          "f1_macro": 0.4727272727272727,
          "f1_macro_ci_low": 0.27586206896551724,
          "f1_macro_ci_high": 0.6549951737451736,
          "mcc": 0.10880795435114117,
          "mcc_ci_low": -0.2857738033247041,
          "mcc_ci_high": 0.44095855184409843,
          "roc_auc": 0.6464646464646464,
          "roc_auc_ci_low": 0.42626395534290273,
          "roc_auc_ci_high": 0.8485227272727272,
          "pr_auc": 0.756678438375709,
          "pr_auc_ci_low": 0.5408581037309699,
          "pr_auc_ci_high": 0.9448439704738517,
          "brier_score": 0.42533259352523545,
          "brier_score_ci_low": 0.2664720721727702,
          "brier_score_ci_high": 0.5781263403863239,
          "log_loss": 2.377388460461787,
          "log_loss_ci_low": 1.2308440423439522,
          "log_loss_ci_high": 3.6566231250046317
        },
        "delta_in": -0.003472222222222099,
        "delta_ho": -0.015151515151515138
      },
      "decision": "reject",
      "decision_rule": "delta_in >= 0 and delta_ho >= 0 and max(delta) > 0",
      "clinical_status": "research-only; not validated for patient-level use"
    },
    {
      "id": "round3_c_logistic_c_0_1",
      "change": {
        "regularization_c": 0.1
      },
      "mechanism": "shrink unstable logistic coefficients",