{
  "baseline": {
    "held_in_roc_auc": 0.5510835913312694,
    "held_out_roc_auc": 0.64
  },
  "candidates": [
    {
      "id": "round1_a_selector_40",
      "change": {
        "selector_k": 40
      },
      "mechanism": "reduce high-dimensional expression noise",
      "surface": "train-fold feature count",
      "expected_effect": "improve cross-fold stability by retaining fewer probes",
      "regression_risk": "discard weak complementary signal",
      "params": {
        "selector_k": 40,
        "max_depth": 3,
        "reg_lambda": 2.0
      },
      "baseline": {
        "held_in_roc_auc": 0.5510835913312694,
        "held_out_roc_auc": 0.64
      },
      "result": {
        "held_in": {
          "accuracy": 0.5555555555555556,
          "accuracy_ci_low": 0.3888888888888889,
          "accuracy_ci_high": 0.7222222222222222,
          "balanced_accuracy": 0.5510835913312693,
          "balanced_accuracy_ci_low": 0.3838813276506775,
          "balanced_accuracy_ci_high": 0.7157827433032709,
          "precision_macro": 0.5523809523809524,
          "precision_macro_ci_low": 0.38083492594362167,
          "precision_macro_ci_high": 0.7222222222222223,
          "recall_macro": 0.5510835913312693,
          "recall_macro_ci_low": 0.3838813276506775,
          "recall_macro_ci_high": 0.7157827433032709,
          "f1_macro": 0.55,
          "f1_macro_ci_low": 0.37770833333333337,
          "f1_macro_ci_high": 0.7142857142857142,
          "mcc": 0.1034564094673936,
          "mcc_ci_low": -0.23574720388562787,
          "mcc_ci_high": 0.4420410222697726,
          "roc_auc": 0.5201238390092879,
          "roc_auc_ci_low": 0.334451048951049,
          "roc_auc_ci_high": 0.7182783475232197,
          "pr_auc": 0.5609536184248267,
          "pr_auc_ci_low": 0.3758424470409765,
          "pr_auc_ci_high": 0.7933181584060484,
          "brier_score": 0.271163131191351,
          "brier_score_ci_low": 0.21749107274835872,
          "brier_score_ci_high": 0.3257150739020504,
          "log_loss": 0.7456822944536428,
          "log_loss_ci_low": 0.6250539605274071,
          "log_loss_ci_high": 0.8663323487316721
        },
        "held_out": {
          "accuracy": 0.8,
          "accuracy_ci_low": 0.5,
          "accuracy_ci_high": 1.0,
          "balanced_accuracy": 0.8,
          "balanced_accuracy_ci_low": 0.5,
          "balanced_accuracy_ci_high": 1.0,
          "precision_macro": 0.8,
          "precision_macro_ci_low": 0.5,
          "precision_macro_ci_high": 1.0,
          "recall_macro": 0.8,
          "recall_macro_ci_low": 0.5,
          "recall_macro_ci_high": 1.0,
          "f1_macro": 0.8,
          "f1_macro_ci_low": 0.45054945054945056,
          "f1_macro_ci_high": 1.0,
          "mcc": 0.6,
          "mcc_ci_low": 0.0,
          "mcc_ci_high": 1.0,
          "roc_auc": 0.72,
          "roc_auc_ci_low": 0.28571428571428575,
          "roc_auc_ci_high": 1.0,
          "pr_auc": 0.6683333333333333,
          "pr_auc_ci_low": 0.33319444444444457,
          "pr_auc_ci_high": 1.0,
          "brier_score": 0.19894361073494893,
          "brier_score_ci_low": 0.09384792722821314,
          "brier_score_ci_high": 0.3180441985020494,
          "log_loss": 0.5874946452337781,
          "log_loss_ci_low": 0.3498923416877944,
          "log_loss_ci_high": 0.8549245734509389
        },
        "delta_in": -0.03095975232198145,
        "delta_ho": 0.07999999999999996
      },
      "decision": "reject",
      "decision_rule": "delta_in >= 0 and delta_ho >= 0 and max(delta) > 0",
      "clinical_status": "research-only; not validated for patient-level use"
    },
    {
      "id": "round1_b_depth_2",
      "change": {
        "max_depth": 2
      },
      "mechanism": "reduce boosted-tree interaction variance",
      "surface": "XGBoost tree depth",
      "expected_effect": "reduce overfit interactions in the 36-person held-in set",
      "regression_risk": "underfit a real nonlinear interaction",
      "params": {
        "selector_k": 200,
        "max_depth": 2,
        "reg_lambda": 2.0
      },
      "baseline": {
        "held_in_roc_auc": 0.5510835913312694,
        "held_out_roc_auc": 0.64
      },
      "result": {
        "held_in": {
          "accuracy": 0.5555555555555556,
          "accuracy_ci_low": 0.3888888888888889,
          "accuracy_ci_high": 0.6944444444444444,
          "balanced_accuracy": 0.5541795665634675,
          "balanced_accuracy_ci_low": 0.3928434065934066,
          "balanced_accuracy_ci_high": 0.7063020833333333,
          "precision_macro": 0.5541795665634675,
          "precision_macro_ci_low": 0.39518686421937205,
          "precision_macro_ci_high": 0.7000167224080267,
          "recall_macro": 0.5541795665634675,
          "recall_macro_ci_low": 0.3928434065934066,
          "recall_macro_ci_high": 0.7063020833333333,
          "f1_macro": 0.5541795665634675,
          "f1_macro_ci_low": 0.3888888888888889,
          "f1_macro_ci_high": 0.6923552123552122,
          "mcc": 0.10835913312693499,
          "mcc_ci_low": -0.20702891867726964,
          "mcc_ci_high": 0.39824956446381776,
          "roc_auc": 0.588235294117647,
          "roc_auc_ci_low": 0.40311181006493507,
          "roc_auc_ci_high": 0.7954598226850549,
          "pr_auc": 0.5874453138494395,
          "pr_auc_ci_low": 0.41076733306073354,
          "pr_auc_ci_high": 0.8353810064866066,
          "brier_score": 0.25174427844728453,
          "brier_score_ci_low": 0.19944787633331873,
          "brier_score_ci_high": 0.3056711067165661,
          "log_loss": 0.7033295710881803,
          "log_loss_ci_low": 0.5873987536483868,
          "log_loss_ci_high": 0.8259050278502671
        },
        "held_out": {
          "accuracy": 0.5,
          "accuracy_ci_low": 0.2,
          "accuracy_ci_high": 0.8,
          "balanced_accuracy": 0.5,
          "balanced_accuracy_ci_low": 0.16666666666666666,
          "balanced_accuracy_ci_high": 0.8571428571428572,
          "precision_macro": 0.5,
          "precision_macro_ci_low": 0.16666666666666666,
          "precision_macro_ci_high": 0.8571428571428572,
          "recall_macro": 0.5,
          "recall_macro_ci_low": 0.16666666666666666,
          "recall_macro_ci_high": 0.8571428571428572,
          "f1_macro": 0.4949494949494949,
          "f1_macro_ci_low": 0.16666666666666666,
          "f1_macro_ci_high": 0.8,
          "mcc": 0.0,
          "mcc_ci_low": -0.6546536707079772,
          "mcc_ci_high": 0.6546536707079772,
          "roc_auc": 0.56,
          "roc_auc_ci_low": 0.10952380952380994,
          "roc_auc_ci_high": 1.0,
          "pr_auc": 0.5726190476190476,
          "pr_auc_ci_low": 0.2698412698412699,
          "pr_auc_ci_high": 1.0,
          "brier_score": 0.2500293314383636,
          "brier_score_ci_low": 0.13160229762933565,
          "brier_score_ci_high": 0.3839496923399396,
          "log_loss": 0.7082223402803456,
          "log_loss_ci_low": 0.4292170913105261,
          "log_loss_ci_high": 1.0349781175181134
        },
        "delta_in": 0.03715170278637758,
        "delta_ho": -0.07999999999999996
      },
      "decision": "reject",
      "decision_rule": "delta_in >= 0 and delta_ho >= 0 and max(delta) > 0",
      "clinical_status": "research-only; not validated for patient-level use"
    },
    {
      "id": "round1_c_l2_10",
      "change": {
        "reg_lambda": 10.0
      },
      "mechanism": "shrink unstable boosted-tree leaf weights",
      "surface": "XGBoost L2 regularization",
      "expected_effect": "reduce variance while preserving ranking signal",
      "regression_risk": "overshrink the already weak response signal",
      "params": {
        "selector_k": 200,
        "max_depth": 3,
        "reg_lambda": 10.0
      },
      "baseline": {
        "held_in_roc_auc": 0.5510835913312694,
        "held_out_roc_auc": 0.64
      },
      "result": {
        "held_in": {
          "accuracy": 0.6388888888888888,
          "accuracy_ci_low": 0.5,